,w1,w4,w5,w6
0,0.2996604674136723,1.9502861287754492,-2.6906020033783205,0.8586797076653965
1,-1.6119112035372087,1.8545889527467245,-0.10663280596171475,0.8492419989760767
2,-0.8134591721828951,-1.5654008716675836,-0.6846822221122874,-0.3847666766168881
3,1.407942457691107,-0.781895814956761,-0.09860779876641913,0.7625503259851152
4,1.2054521252806316,0.35490335476569357,-0.3018425423746255,-0.9282320702864223
5,-0.07864804235863229,0.9881254752803712,-0.7276778192720336,-0.4161532839609612
6,-2.0886674056038053,1.252577765932741,0.1878429227848788,-1.0012638887531295
7,-0.5331902953650888,0.35545338415020283,0.13219619768441493,-0.29237939159979626
8,0.24812931558623563,-2.988872509905445,0.6575405893296056,-2.1937416679367363
9,0.012718179236783063,2.211935239504413,-0.15410025505604336,0.2146893685816908
10,-0.09851425408756256,1.303134379651172,0.08621471926313018,-1.3051118311587901
11,1.0128916141731537,-1.2634720568970292,1.2140756727737667,1.059045097109826
12,1.601504744698037,-1.2484816525676403,0.7231313399731807,0.23264956930333588
13,-0.5173472913179613,-0.3810012561240364,-0.8775727068351463,0.17118266854229522
14,0.008841776969659551,0.6275020736579264,-0.14202661003500316,0.08414145626303987
15,-0.1595573955299712,-0.8256536312617284,1.1179219720136908,0.7197962214165113
16,0.978751953301106,-0.5179785483923511,-0.09206710729553945,0.04321448721006146
17,-0.29986815055275545,0.1671138702276135,-0.4704779349586696,0.24808337053329557
18,1.8797686993584477,2.227836976412095,1.0802174780493354,-1.0722044388364937
19,-1.0708785050920535,0.3244493381492342,-0.4574001416189053,0.20353937994636492
20,0.38906493788474106,-1.7652946331895334,-0.4204595642708842,1.4472456543392729
21,-0.48329564859396956,-1.3942718918200185,-0.374958099709357,-0.3420647083461868
22,0.24103244906086418,-1.172513544013827,1.3445107265486638,-0.6131763479659611
23,-0.2547097747932652,0.5310892176639667,1.1313180009240245,0.5959264046648725
24,-0.09444628657229097,1.3077515610162407,-0.2842576858887822,1.2316420784539945
25,-0.1317506747879043,-1.0028767432256716,-0.7220889187817618,0.8545471542091645
26,-0.09215967150122302,-0.9931572506481108,1.687589184012759,0.7959863533998797
27,0.7222989141307364,-1.3139176824277554,-0.8380603366830399,-0.864475154033662
28,1.3132388727365252,0.9168691142404137,-1.7361048602945712,-0.21862979861177229
29,1.0923995546317773,-1.9371658039316324,-0.014086048555962466,0.5968351455558704
30,-0.5789651585272281,2.0051497738787445,0.5046769795409141,0.12353314562843078
31,0.6244991947900604,0.036174212615174346,-2.2509356398877833,0.36126267031892056
32,0.9141341686007046,-0.016215224465058176,-0.15932310413169484,0.5969044363392372
33,-0.9578642247385044,-0.7585841896511367,0.3876723547718875,1.5230386429792786
34,-0.22686163293254083,-0.06797334078465503,-0.6431899857791781,-0.03852373278981638
35,-0.637275543562167,0.9593838178460011,-0.4951311462609255,-1.0322881604460035
36,1.5335858928920592,-0.6112573286746836,-0.9872780641403722,-0.9125968387128051
37,-1.0140392246745578,-0.8021353463453461,-0.1941728934628456,-2.0787045057537377
38,0.44806690817842276,-0.7919433227057912,0.9485836028310979,-0.6761085185786594
39,-0.5414136033441926,1.0568084210471096,1.621884004824053,-0.21031357295729505
40,-0.1626867673400094,-0.22615400640264077,-1.0595050085516788,-0.5684033670662143
41,-0.6188069169438394,0.046233589908850584,-0.07529799864805373,1.538340445094383
42,-0.0257427747557232,-0.5199572727797371,0.44632932557505517,0.47625865011983753
43,0.9780617809457025,0.4692854405356552,-0.8867992378528345,0.9485269622959502
44,0.2858798885963719,-0.6517171323722657,-0.2815444249691466,0.2216919148649372
45,0.860496285950966,-0.37582430738726424,-0.34860527573853045,-0.5748426405717992
46,0.3886712652192547,0.9967932786060257,1.81794080485151,-0.9741018541374299
47,-2.268156406027741,1.1181650090897897,0.584683018247178,-1.5115930966535172
48,1.0459911484534117,-0.6013280742355718,-0.08937221095019468,1.899085757773463
49,-0.9497707339811535,-0.9674909410502625,-0.12095916557287159,0.23341630666485502
50,-0.6573578301404057,1.4569287641745152,-0.8076022682188836,0.8545969503813412
51,-1.004983508555897,-1.057178448173929,0.9516379640471894,0.8865181202934729
52,-0.4903935783390994,-0.23061122624200348,0.43570041415622446,0.48587477834282194
53,0.428317921593003,-0.18662375130248726,-0.47147405805312154,0.5946866353212117
54,0.08144424081847611,0.007170866760387878,0.14798889704219725,0.6109066081189839
55,-1.9631820849265287,-0.927939551237236,-0.3117282038584811,-0.8801187218856333
56,0.12334031953650021,0.5537528342929086,-0.7577246069074857,-0.02793916567114449
57,-1.6394582038114183,-1.5939346230086069,0.23153124275231254,0.12693498322528798
58,1.3714662173391814,-1.1551741906614823,-0.3332344911094114,-0.3307719226176016
59,-1.8096779528252374,-1.7073815911235168,-0.31283897941561795,0.755325169311502
60,1.2851729076491856,-1.5545623005337164,0.4891810106719485,0.30832431715066233
61,0.11636783957493088,2.255102326420926,0.13802013273120803,0.31667193896735085
62,0.15378536438024706,1.8376404173337384,-0.11168254834682273,0.5459830213527191
63,-0.024954163175103728,0.56073344910737,-0.15339804708588872,0.3848684068283954
64,-0.4358325264449187,0.26729683276310395,-1.4795685051329255,-0.3381566475256412
65,0.6223027053929396,-1.7025073215633453,-0.06649388433318057,-0.8977326258282828
66,0.02894769354732341,-0.10272603681799189,-0.9124618585583292,1.179899098082757
67,0.42845989020726455,-0.6396933232949207,1.8541229039364937,-0.15887350931494817
68,-1.0295087681875807,-0.42819172048470594,-0.6325728464783454,0.9404436293926375
69,2.4908515853210536,1.2440399993262776,-0.5491461207053618,-0.6008928094184743
70,-0.45569503413999585,0.39295639581822106,-0.5485238307206171,-1.278930511226641
71,-2.056592679147289,0.5324139328123966,0.06668737483925352,-0.22590104516464293
72,1.3715068774012482,-1.93955120936775,0.43802699091579617,-1.655758976450892
73,-0.9993591952603895,-0.19078101443268353,2.0354993076319983,0.3570681939829482
74,1.8486018024433548,1.2873202431753112,0.301489406846915,1.7461503950501462
75,-0.11445050902965061,-0.9620335663878192,1.2542215631591853,-0.12903677833745747
76,-0.1237915647338469,0.3095674430556546,0.7920549246331327,-2.000296913144065
77,0.26454286575515207,0.14575215167373484,-0.01507915631146379,-2.478988961904957
78,-0.7993703647482414,0.24982186902380765,-0.8963187203403988,0.5794548848220171
79,0.38993169760342317,0.35836366256101015,0.24822021636690428,-1.5421881834700615
80,-1.45856633666802,-1.0032147396014017,-0.23849212438843473,-0.9501141897810529
81,2.1344244099267544,-0.35750924620326885,0.8757062086842409,-0.1736227119287013
82,-0.7826149697464287,0.5701811837673099,-1.3764849017433964,-0.6719200384999974
83,0.8215125367113149,0.12668082695495342,0.6422766670759404,0.2556056281969133
84,-0.5297269910235743,-1.0720799473105558,-0.6843157159439565,-2.1622370924059355
85,-0.43818370919301924,-1.0141441590897609,-1.5274977481246221,1.23962309053185
86,-1.0695617237116226,-0.11366110049197795,0.1581159468109747,0.8317622778337156
87,-0.5044037106302949,1.0616289886145185,-0.2773233804358267,-0.6920444457066911
88,-0.2363039271037361,0.40934722338244733,1.0633813259354874,-1.0358794396279034
89,-0.15237375265845332,-0.21252131165875834,2.502718546335509,-0.12612662928071233
90,0.7376230888304474,-0.09313775399164011,-0.21586963471467202,-0.8531767865827083
91,0.19851888079761454,0.18699419383903113,0.646813063393311,-0.4115442399138857
92,-0.09855418567101865,0.4345587895593215,0.666121863103566,0.4778339490891421
93,1.3840051920437049,-0.7783226677044132,1.1025721989280828,0.6047261894279689
94,0.10124145565567767,-1.9180561320228042,-0.942588525812458,-0.004482712817795665
95,1.083409345294043,-1.1882161260757487,0.06143114408165718,1.146032774397667
96,1.9434075630207162,-0.5131217965461127,1.3961131423799,0.9640065306529206
97,0.7915757360094489,0.9438086542629693,-1.4607762978863246,0.44069702637325286
98,0.5808353672117015,2.0678244747296137,0.08694132477341568,2.007870659831286
99,-0.8344712101507978,1.3583909814259374,0.4773422760143107,0.22866945015054296
100,0.637410931874349,-0.6503186663925309,0.36121151290554643,-1.5060700482760596
101,-1.1956071611828787,-0.8567178503769246,-1.5395409344596962,0.8514341729457868
102,-0.46590733388893457,0.8303483775645744,-0.27522432279722797,1.017934957283354
103,-0.23552763646387231,-1.7796277825650955,1.107415198788793,-0.6882553570819886
104,-0.4316776635355997,-1.8388307603588363,-1.4004115809658308,-1.2174596511578164
105,1.9011800981837685,1.4267255835587545,-0.425612687216589,0.8597001554212467
106,-0.003962809965526898,2.3355672108491166,1.2677370180405054,1.017775728157522
107,-0.7849719506103617,0.5058132711398547,-0.9941267969881608,-0.3793503410249787
108,-0.9554865114290617,0.8634189854237205,0.04996968049647232,-0.9679823773233766
109,1.70841119053132,-0.31460820059204386,-1.3277656791336165,-0.009108238309244097
110,-0.8733285155248126,0.5444890489031795,0.06175078506707434,-1.0172992788467115
111,1.388424570654501,-0.763585683822907,-0.2910395330375725,-0.07862401999504796
112,1.1480005534963704,-0.20043200669194172,0.24899446295699995,-1.4416413515767312
113,0.953493230473568,0.5494441372159765,0.07660240104668178,-0.6879168497717352
114,-0.721491312466828,-0.1721587273463841,-0.5659063826976998,0.3030052649182697
115,-0.43251306020350383,0.5745705588255118,1.1641474413595847,2.2116794448990653
116,-0.07498897058640663,-0.1425896121891084,-0.34257051600508753,-1.4572941686261724
117,-0.6123032400773117,0.5275041570003342,0.5159579874199489,0.6365596508774485
118,0.5250134483430589,-0.304287620679118,-0.08407857938423281,-0.9617346205195019
119,0.3002160391263706,-1.1202593859275827,1.2091848297367214,0.25581411065369875
120,-1.394299177199211,0.8708204277243959,-1.390572781543447,0.3031240526048722
121,-0.08734205920545332,-1.6422237902488857,1.0540850065099063,0.5650717466945613
122,-0.816998666997724,1.0416171887418688,-0.10587248787939921,-1.2137103956337805
123,-0.31388463512046383,-0.4951214155074668,-0.7614662393325232,-0.3323009075205079
124,-0.08363049250285944,-0.8396749649080535,-0.645189112218366,-0.5591092506024468
125,0.36285922712704927,2.450619334370018,-1.622529079681893,0.4537571451495664
126,-0.8429851797359951,1.9936416850215266,-1.4958175392060789,0.8859669724796129
127,-0.7878524824188495,0.9046999742389307,-1.106340725670189,-0.8840784979699229
128,-1.5173841595835826,1.0035699978212418,-1.3806614491928468,-0.9366746318036154
129,-0.9226215877898611,-1.263669236003262,0.5885445793721842,0.7452349422231035
130,1.0366670340255362,0.08041510017788585,-0.769917034610941,0.3592869034510488
131,0.7609779793534811,-2.151675258993055,-0.06793705488609939,-0.9244624713391598
132,-0.8951927408846768,0.03331345257507727,-0.1531217224324437,1.0651593440126967
133,0.3727088852660949,0.5541251258359288,-0.7610017347546012,0.2361259127280327
134,-0.9285160900190189,1.226583474858453,0.46602410211684037,0.232065564892528
135,-0.8945913838899056,0.000742177039443279,-1.8703070436437894,-0.2931556281494391
136,-1.91244063983701,1.1835359548716815,-1.5020264489541693,-0.6580173836778451
137,0.6119540641285096,0.6915501540218878,-0.025613942858409556,1.7145474200799105
138,-1.0986506960808256,-0.03738238525477227,2.0471404119091168,0.5694051750536213
139,0.7296287859466636,0.9282068210239925,0.6660093732824925,-0.636339893654502
140,0.04900926921741987,-1.8293331212863617,-1.182097922202293,-1.9400312982134864
141,1.6059860326721092,-0.6306312272986871,-0.006136740580054431,0.8869339491216592
142,0.3992201723816389,-0.5400278280048647,-1.6879530836628216,1.270726348788566
143,-0.17557484253784655,0.6768571138840639,0.9356394080955959,-1.3243084929352014
144,-0.9097878049114916,-1.1046669854709223,-0.9975612857139474,0.7728367758623577
145,-0.7861957436754291,-1.013233644118389,-1.9273818372553604,-0.3674002849790545
146,1.2206353360426718,-1.4606706040186703,-0.34223093762979845,1.1622064033992974
147,-2.332582000776631,0.19937591774568517,1.6160666961736867,-0.09485911466592437
148,1.3899046403694477,-0.47068233452044084,0.2766014047151316,-0.8162843470794797
149,0.48473989651961996,0.36057146661197403,-0.4277848247938793,0.6325826986112881
150,0.23425365042064122,1.4799354559141353,0.8326626302411095,-1.3567536423005473
151,-0.6715813239944128,1.6240748137888756,-0.4411230282849691,-1.1162217851664435
152,0.020621068994172955,0.3032643057575805,0.24624750330601106,0.3833098902902195
153,1.072634812880845,0.17683867491667987,0.4026089813275821,1.8340912043003075
154,-0.22014519604306593,1.0875354293086044,1.5228753631419212,1.6057814904968843
155,2.331746771811877,-1.5985695459819944,-0.5169306771642506,0.5881138645773084
156,-1.7107654545604845,0.19418517673845415,-0.6943284066504445,0.5998052905037314
157,-1.916584956331053,-0.22096421806597497,-0.4772304547780449,1.0449763420045572
158,1.0422670003299053,-0.5695238220649188,-1.1510987699910045,0.5829305735114044
159,0.445456399617149,0.5474732392550579,2.0577164645899524,-0.32754274218706275
160,-1.1705242441176384,0.19428264245107724,-0.4438871864126964,-1.7063752430644843
161,-0.14635972481215945,-0.3909276086283196,-1.5781022182892561,-0.04250789734476733
162,0.34143809650990503,0.541191688647473,-0.04820030121133077,-0.02163477068551597
163,0.06815181702687563,-0.38427536272063034,0.1269253391706716,-0.8712709770515497
164,-0.3015239177858305,1.8739386391537465,0.2648963464510844,-1.1956614690353842
165,0.9681183284009164,-1.7876354430544508,0.3609937755601053,2.020283524018551
166,2.716453995626537,-0.5859771358130175,-0.19406367838775693,0.23429615417878938
167,-0.13167210747868924,-1.4568499692155077,-0.12456006653648065,-1.683314497154162
168,-1.18523574266517,-0.7353319166359019,1.351985541457474,-1.006103759478819
169,0.9940974134837605,0.6925216039392279,-1.8881493878908604,-0.304516589420676
170,-0.5255563177585102,-0.5712401391335332,-0.2785450454196184,0.20731437138952896
171,-0.9989214285283742,-0.9962662962628182,1.6010927662449337,0.794561902834212
172,1.7751144895119968,1.0758033162654834,0.50487244591842,0.47790630058241473
173,-1.5317076557364049,-0.813309811263617,0.11360248542814615,-0.8701979795154777
174,0.11402474463687691,0.6143305297557474,1.2401769222800192,-0.18935283330741615
175,-0.5048290180713119,-0.24092166564428696,-0.7560278227072081,-0.5396920471027472
176,1.3445771528015338,1.7825454364763949,0.43657054419729513,-0.460128281044142
177,-0.9845995100828295,1.2901204321360098,1.102447374723089,-0.8779637583843173
178,0.1527626317007351,0.9616848440617307,1.3693947794685728,-1.085939670956659
179,0.04046668550897849,-0.4185732088546016,-0.6065280105882908,1.4971461949163243
180,1.6732574839176593,0.9223096748839761,0.06342076839664809,1.5232670960295736
181,0.5706331711859222,-0.9604633218555657,-0.10731335558807818,-0.5714691854333698
182,1.0586966865177363,0.12571785905951047,0.8821609027652113,0.4025288731626676
183,-0.5120869863225714,-0.29804547456196245,-0.14115575019353233,-0.5237402453011852
184,1.3505183428654794,-1.214154424014265,-1.098226154697882,-0.12256212644191196
185,0.5104357676257395,-0.045076803323801956,-0.22804381495598158,0.0390668907163673
186,0.30730484862734475,-0.6096124049652226,-0.29313189540312345,-0.250656452187084
187,-0.7427425354396711,1.4537747016131504,-0.6717429118489691,-0.028195826695154705
188,-0.5238607845064376,-0.6645192962990407,-0.5123904748424748,-1.912034855022785
189,1.405959562644476,0.37493864589497905,-0.35272164186735977,0.12944142134428102
190,-0.9643003053605448,-0.8612150586468288,0.004628726037836669,-0.29683105890160033
191,-0.7052103966318428,0.01621676703755997,0.09902649130867387,-0.05935284543757924
192,1.0321635880224376,0.4001480912845851,0.09286493437962708,0.817858959954225
193,1.4496781838952968,-1.0186216696492916,-1.0752803469942618,-1.041695824257947
194,-0.19288155802329335,0.7379832752746395,0.5699190937952812,-0.3604687390242855
195,-1.4260222673556777,-0.2498620831396906,-0.23631772401353363,0.5480303141748347
196,1.4125634520720636,-0.10507379548418104,0.4808509820397622,-1.7248283039036518
197,-1.8555658304888702,-0.6429486709307012,0.6026371553627102,-1.7324721502712184
198,-1.720855826793452,-0.3552730034221339,0.8279252731752988,-0.5838413204361891
199,0.654866348306021,0.6065584275138529,-0.7338176158378327,-0.17361278720527412
200,0.23241056163008264,-0.4998626444984188,-0.5939950640649577,1.3049749705846554
201,-0.4489141213966153,0.6334401665765134,-0.32130521091048025,1.1133185649406072
202,1.1419128543190078,-0.2652037665618316,-0.3795044828026482,0.1095504966076603
203,-1.5365141551388766,0.7197367808141384,0.3954858083604958,-0.5299775617842407
204,-0.15357193726693927,-0.7173606570942129,-0.4822237524647622,0.6994419163128366
205,-0.98343220434263,1.536452488441901,2.845771740010105,-0.22030998651024344
206,-0.9253098111254316,0.5037351985581664,-1.5807003524774743,0.12109278953823634
207,1.0850658005926832,-0.6791341467596271,1.1768759019715886,-0.6666237074160765
208,-0.7138690161229738,0.24187584094892053,-0.7542163013662962,0.7694615099531044
209,-0.12692979201819513,-0.12327329478419591,-0.937474351691608,-0.560321659315383
210,0.2593276497106995,2.535057669291356,-0.814910229249254,0.13345260695329866
211,-0.32743356121833905,0.20617641945644663,-0.41885492489442855,0.6907795124495958
212,-1.1332486368462515,0.23624852672233437,0.52428237007434,-0.1903611975037405
213,0.5914072155224097,0.2672756772527806,0.9212774786909725,0.15052646052113208
214,1.085249515809652,1.157491793749195,0.86871626285747,-0.8311223890651696
215,-1.644962775172825,0.863644240487367,-2.1827116409028893,-0.39420135947803886
216,-1.5300840453893838,0.5681943514697234,0.016495020620758447,1.288521637092053
217,0.8355795442847603,0.021496681060882365,1.3235721165215277,-0.23546165069516412
218,0.486811384739468,-0.8363488355090672,-1.3855116949418813,0.4372847225324747
219,-1.0400859475781794,1.5802554816206098,0.12408885317133346,0.12240873996509102
220,-1.2325559329480114,-0.6739901119036606,1.8230112265445966,1.2355816837505824
221,-0.9449536729761573,0.019326078208505907,-1.1382491521730471,1.2465570862175936
222,-0.6277671811613513,-1.948023956429574,1.0137365603133397,-0.10435801347455678
223,-0.11722011642798073,-2.302699203934783,-2.7459262515021634,-0.7299205558861204
224,-0.0019049900980551268,0.31806841001202446,-0.10426122851922452,-1.297887203498892
225,-1.4986362203587427,-0.4402280461398983,0.1764141649529228,-0.26784451906604234
226,0.8768735697938587,0.9908160020454562,-0.6985094290266162,0.00021271770830018501
227,-0.8620950572345181,-0.018219581560760145,0.16248460455331323,-0.3927147597534626
228,-0.9860925426761151,-1.010445070809805,-1.127734541167893,-1.152279159525445
229,-0.19519340365904106,0.7221418287007151,-0.054819959929724216,1.0093454617834081
230,0.45430756856492427,-0.24647885291224464,0.9852165818830335,0.22361032011624618
231,-0.027728671729405067,2.4322200409199124,1.1515783077037922,0.9800788051125319
232,0.652729655640136,-0.007864934352391793,-0.1273720991455307,-0.8327629335747113
233,-0.6100484692778961,-0.3051964982084341,0.24117150159935852,0.1332412475796672
234,0.38955481602583375,0.2594615465598689,-1.4289876987793049,1.4616863074811914
235,-0.4819152782929084,1.041908920638152,-1.291424600782948,0.6129860830909257
236,0.05740772044760506,0.24583357324096639,0.10682205138284563,-0.06893297028592096
237,-0.4222678925343587,-0.11389399170803101,-0.32363195709470594,0.4325070476662956
238,0.7258210767614174,0.6609221265396215,0.3575357718167114,-1.6533917817374686
239,1.0994179709756695,-0.1509118883357905,1.6298538801605609,0.6948701615989087
240,-1.1384885779871239,-0.010724030778242126,1.2578996241367235,1.5260161033332165
241,0.02536207084999214,-0.5302107215392176,-1.6238111131910582,1.3345892927041447
242,-1.8064565122883878,0.5852839398517216,-0.07790607218053044,0.6695924144825505
243,-0.37815248926086426,0.13687469297213387,-1.3216628980637055,0.8080844918888553
244,-0.4188062457456449,0.21501167885606023,0.11005942593819752,-0.6707449820123587
245,-0.8340696795159901,-0.20193319950529745,-0.7997957253792318,0.7025767960184425
246,1.5744352886494029,1.6828330786753485,-1.3812307428481896,0.28077655136921276
247,-0.4923131209372852,0.29114569849279587,0.09735299670372966,1.047978442456209
248,-1.1405383101160564,0.18550972470137192,-1.8889863292244027,-1.5491527651564017
249,-0.8529246410576784,1.2277999906110122,0.6181954419874423,0.14894916473026162
250,0.4855603658341234,-0.5093593345944338,0.8079153122749448,-1.7386961267995666
251,0.8046155189569234,1.4840426307299508,0.016803835195116242,-0.1658250481733739
252,0.4954205330537917,0.7263083148751914,-1.0191681360973597,1.065324727837663
253,0.8178374630522534,-0.799558906763429,0.8724557567230826,1.3462081032247086
254,-0.23302282622617562,0.12512276690430577,-1.2961045912228195,0.265448893765658
255,0.3818480122894342,-0.7850515439687391,1.5633789132633278,-0.44814109923293466
256,-0.13327797323606358,1.0591986883492464,0.7975615886668879,0.6852377417720995
257,-0.37082580844334573,2.540021638167643,1.2614919788191803,-0.9648012009828089
258,-1.7541188367526237,-0.11830210893179641,-1.3670395965551745,-0.06940835203299993
259,-0.7772302759701512,0.3698518046797343,-1.4983811358193355,-0.08021213920478461
260,-0.5657239383454629,-0.6511317625297057,0.583489969850012,-0.8125491121049787
261,1.009589646060671,-1.5645778079658135,0.8257281659455997,-0.757741429176008
262,0.8597869492428463,-1.4420110015439622,-1.0223323954694854,-1.3543692058457635
263,1.4234031876552236,-0.8484652978307385,-0.5026671215971799,-0.2685267528604381
264,-0.31315463089839435,-0.5904431423808351,-1.5098915976292282,-1.117119825587801
265,0.6867014874269887,0.737061873719115,-1.1125186181782454,0.14126870902127342
266,3.1610179775314105e-05,0.4321674743581293,0.02540266016632272,0.6261967406582919
267,0.5375346716097279,-0.03242593073140819,1.8373198707345084,-0.7277774160458063
268,0.6030605015947141,-0.16548282325727975,-0.20342446509031542,0.999727918398141
269,0.07174658466435664,0.16784260576874574,0.36465168674434534,-0.9842351412010109
270,-0.7384218466429957,0.8312439322747278,-0.09933760940896887,-1.3727818365883717
271,-0.7430998356046807,-0.01354082584830328,-0.15184823325965868,0.22581946326310257
272,1.9731908943376821,0.31834394090347345,2.916268806795031,-0.4673495479638887
273,-0.6421036527503691,1.5978654046206677,1.4161376175545404,0.9309079871761478
274,0.9816963601735194,-0.6267964240723332,-0.02821707507176621,0.29003376253931923
275,0.5931715521109825,0.34778684643370505,1.0323226756399946,-1.8167447549379478
276,-0.33075835271299775,0.15975973671848198,0.15645483572608126,-1.4372769619927541
277,0.344395767936706,-0.4973953917016586,0.8568741579866974,1.1205360769324715
278,-0.6963968990260497,-0.6995143098782335,1.0055086814421133,0.28589532921349636
279,0.08861227108749356,-0.21051420505657775,0.37865176752277696,1.7116291086212072
280,-1.3818506403766766,1.190524884911499,0.29531804855541666,-1.4909405457842584
281,-2.3838379936088265,-0.5780782143730886,1.3898908886153356,-2.0086321034351577
282,0.36005040924464926,-0.7862372725072034,0.6013074138436938,0.553823617884918
283,0.36168379387348265,0.6959849208733762,1.3707184133727093,0.6701361351810688
284,-0.7527426640006217,0.24566364761405515,0.7134781208060066,-0.16562436160955635
285,0.43914308708219885,-0.7458286865992176,1.061312729872007,1.4010634951963152
286,-2.3151079002900246,1.1645117426282454,0.9981248162731682,0.7272286822848824
287,-1.1089371314094942,1.7835686755634337,1.7012532810160446,2.5901504514824207
288,-0.13824803058621737,1.2513704816160598,1.1233258416590741,0.6256391364155277
289,1.2954512012170258,0.6144705878099043,0.13598644438212973,0.2770892030928542
290,0.4637099577301564,-0.8244956854599141,-1.4269485211806616,0.2705815038473049
291,0.5904781783138536,-1.768758248388227,0.09552950767544967,-0.4787989738384989
292,0.04457603378623566,0.0069149118818421455,-0.4158636234359312,-0.5684212328159769
293,1.4694547818985744,-0.33169984767526406,-1.6353502547560643,-0.2762124503678318
294,1.4410694651651914,0.5413027589932217,-0.37749086171558344,0.5694638471756357
295,-1.0929068362496606,1.381166235121917,0.1237397382540399,-0.1757344557555801
296,-0.7889971426822561,-0.7633977366718799,1.4367571036668982,-1.9369208163485945
297,1.1562960677394685,1.6387334424906945,1.4769834085343445,0.4703293711626333
298,0.5103192398851609,1.5698539040627066,0.7599762065143378,0.020895817377796548
299,0.5624850765060712,-0.14447203466118233,0.25315943910325045,-0.29917228972447896
300,-0.5158843430956336,-1.1852603056353828,-1.332454396555813,-1.8144835402157822
301,1.7206603926196888,-1.3473038620780224,-0.6476332993352393,-0.2864994501609234
302,2.1440426097758953,1.0349532222788729,-1.3055023762364315,0.6564990993501166
303,0.5348292173094682,2.438222131358443,0.03115055586981952,0.0276903353586916
304,0.45593093079254526,-0.8982247222320814,0.7361231327859116,-1.7865445146256254
305,0.2125245907220452,0.9849309179199027,1.5593925531763146,0.15815988863014854
306,0.40519199935343797,-0.2835036493662491,1.1311164158555946,1.029626300860064
307,-1.326613397786612,-0.05603786548603347,-1.1223714196309986,0.363851248057272
308,0.3042331893362583,-0.23402302710638737,-0.32920411543965045,1.9287903286117178
309,-1.2503993412116765,0.40438516190993484,-0.24483778571574114,0.4046091110252157
310,0.24931802974500725,1.5886937816707145,1.5941655411129623,1.9382157845864207
311,0.6772621413085285,0.6021055716525454,2.7595895485855064,-0.35635082414245794
312,0.1296536848297548,-0.41479491251770395,-0.959184125965094,-0.7296651228401616
313,-1.6443676835318228,0.677066958259779,-0.9712277412964422,0.446109793898186
314,1.698240036547725,-1.9406629870591712,-1.435213096383076,-1.729081680754395
315,0.8162850996998038,-0.5752788521926695,-0.04926388715078946,0.3835894137965207
316,-0.29927259786385496,0.6508712150262684,-2.335418175427434,0.6658888837756569
317,0.20907422801469072,-1.0062982202114001,1.3384283285363778,0.47344842276323995
318,-0.016425712150658908,0.10193703049485357,-0.9963232252506347,-0.4477935344580058
319,0.04491602637818733,-1.3849409967639525,-1.0008534440340675,0.4476187938362752
320,-1.638574575571866,-0.9625395052306455,0.1624338651068204,0.9628875234175376
321,-0.42418295043562937,0.29590085564872654,-0.24906023210748507,2.938354103310851
322,0.21208359115109401,-0.6859197269330706,1.0590790572657436,0.5150133228763372
323,0.29441360878838363,0.34057928561969414,0.3630838602674073,0.20699258698299167
324,-2.0670738897030856,-0.5442984704023975,-1.0907448525182952,-1.6825782834288308
325,-0.8370852771885502,0.0821467993767348,-1.5088148435431497,0.3556580989127403
326,-0.45521059327205393,-0.21362479973007947,0.18465831487543768,-0.2301420858851194
327,-0.7535601972540692,1.0096549822113956,-0.8856080973381685,-1.8738995676374701
328,-1.3828236447923337,-0.014504728300926731,1.7749605641879624,-0.10879037738497127
329,1.723094118067554,-0.6567665935690176,-1.3346080711535164,-0.4072888845440326
330,-0.07146943713798039,0.5561711449370856,-1.487322174454411,-0.7868971411260265
331,1.290432065199577,-1.7810916353912645,0.8401555079784984,-0.7849797693926351
332,0.6768002582909233,-0.02495326892741736,0.013777902809101928,0.6805969916558695
333,-1.5251834069974217,-1.115069393221803,-0.12089712996264138,-1.7237466173241338
334,0.21838177532041772,-1.355944911966616,-0.21628571170566482,0.9438636263018141
335,0.45067226459118603,0.7768122798326846,0.5189880020206772,-0.6846171910988668
336,-0.4156533160954046,-0.1532763314592564,-0.980876596552418,0.4397130016005193
337,-0.7427579700234327,1.9545647761314366,-0.1108774860219074,-1.0536338828626057
338,0.6039303123744552,-0.8704347441546161,-0.44542294386699427,-0.3551695849017612
339,0.7746240163042857,0.12650287895059262,-2.7967425566968624,1.0837207180722161
340,-2.5479307440790473,-0.1470256059448011,-1.144514632231281,-0.5494158683948874
341,1.6045919878358839,1.6715306469707465,-0.9658464460256213,0.31286599213131133
342,0.03891758028802431,0.32039541790994003,-0.8027171821409985,0.7746130079291025
343,2.2456625379218083,-0.655001988851449,-0.27661061199766057,0.7654932198699198
344,0.010322349350460752,-0.4838661557817422,0.8001700149068983,-1.4574248473137155
345,1.3798142593814706,0.11768777544594433,1.485683872951097,-0.22331970584409178
346,2.689843454037564,-0.4205170575382688,-0.794897717101817,-1.080251827915477
347,0.722803856309262,1.589482585928307,-0.3954115577252793,-1.1788019882529854
348,-1.6364651446412037,0.7213744683705016,-0.47778960271776527,-0.15664487387815587
349,-1.3855072839401084,0.11115906897851655,-0.39236295146151606,-0.28337417092771283
350,-0.0699864770358406,0.014078624949253687,0.692428175534533,1.5946315321471263
351,1.0561731001062604,0.5677547456385938,-0.1842059554877391,-0.2549561960349606
352,-0.339438481713801,0.008094152226362207,-1.7696740658641488,1.9947045219615567
353,2.7348056142519432,-0.09275919552597128,-0.4561469263073893,-1.5790205974784586
354,-0.9440867462983211,-1.13196679855664,0.7398946955825293,0.5093141002618262
355,0.43098591155931487,1.186545200751031,-1.4157181417000952,-0.4859278243166028
356,-0.001452742501654698,0.6132077048753605,-1.1235979070403987,0.9989423696646603
357,-0.2519508136902767,1.1246691214264584,1.9609725989209972,1.0967467835371374
358,0.8428246175543264,-0.8820452146263408,-0.10385586279762293,-0.28733716445296814
359,0.01549678464571016,-0.20485968874054905,2.68273755192314,0.5618918389869675
360,0.48498317560586596,1.64308134597021,-0.5243958371200004,-0.8328729628983805
361,-0.18144847268537911,1.1791199276698636,1.5911869542243497,0.03713073190401966
362,0.9310333938896557,-0.6031666651766151,-1.0485916953294403,0.7593135167169378
363,0.4437656226009583,-1.1551005321591103,-0.12547360545201516,0.802713770252605
364,-0.8437706095824635,-1.9113211109362884,0.4562490227181385,1.2864302272714638
365,0.6719193978522281,-1.2737110114805303,0.7431699184000207,0.010866917824089516
366,1.6532059231046796,-0.16936881865997805,1.3048528623050912,0.8707455472662863
367,0.005411073239072826,-0.824335247934609,-0.6301379955627303,-0.6190828703662278
368,0.16894769267447943,0.35748465992671885,0.020553489220951408,0.20212672064800502
369,-1.7909381547299263,-1.1021582515435115,-0.15537752253983006,0.6587499156055373
370,0.5177112790496929,1.7551050745868657,-1.4019037341742273,1.0123826645935405
371,0.39161736704315625,-3.1052052543235353,-1.3143466104294679,0.7154148548961061
372,-1.1928006007130434,0.2860559864316804,0.3982205886325319,-1.4823556327426495
373,1.7238985887395912,1.3576594863943028,0.8938944070639542,0.17880460321596164
374,1.3012207464276913,-1.4832839294815845,1.6027258108818487,-2.9632889859869436
375,-0.015378670453966013,0.13764175339516965,-0.24420783688796763,-1.7457746613392309
376,-0.940496466590848,0.6081271306249357,0.474228796540029,-0.2477463649328638
377,0.5357197001428262,-0.7693691527824591,0.24033005978111835,-0.9126035967865763
378,0.49822870959812476,0.3918798473020208,0.6408468446586155,1.3930893780622506
379,1.8037443641807651,1.4034144891632279,-0.43976378755075196,2.328337301694518
380,0.18347129664148512,-0.9778627550058325,-0.5081340577357782,1.0698215985375417
381,0.7282407609104625,-0.7045898742849511,-0.47966811194603753,0.0687519284025992
382,1.941982858652393,-0.4159407777439618,-0.02935154223638554,0.5781012886243905
383,0.6310364831752072,-0.8677198224587535,-2.3099623362046846,-0.14790331378153396
384,-0.265487783554668,-0.30103646164937703,-2.4811109848808077,0.7105934390267968
385,0.10566807546174162,-0.3415389146420693,-0.3370606638101101,0.5225254004167436
386,-0.8640224803443034,-1.626892396901516,-0.7553296841759481,0.11748041881552172
387,-0.26045286450774513,0.5587572058485982,1.600657070335485,-0.7686622730232288
388,2.4869216842971333,1.520407041726265,-1.369662985950348,0.0241900315992645
389,-1.0107906147227301,-0.8845416501813399,-0.4750165972489736,-0.4845656065788632
390,-1.4383054655361422,-1.3120676787587195,-1.4260952637522732,0.10325874101445742
391,1.03527304850635,-1.318414520482299,1.4751946717181263,-0.4133271509725167
392,1.1290010252367397,1.6052412325774945,-1.6050396875879693,-0.5568207033029365
393,1.3411756558299797,-0.8447504191326135,1.0603116754359703,0.17002502096368177
394,0.28106738129903536,-0.6251765465841757,-0.5723274903749924,1.1598305542904601
395,-0.4927798108444342,1.5230417035117516,-0.27005048855381014,-1.2416601137685763
396,-0.5309315267816512,0.15162058181294832,1.666326666906637,0.5923556853953191
397,0.39382976051575463,1.2438910307705422,0.6296776865979008,0.409028711899558
398,-1.7511192138302742,2.236076075248205,-0.3058622917691255,0.2459226391130647
399,-0.14612607768788846,0.6871025933338657,0.7042824022030627,-1.1893745007365317
400,1.610469190733557,-1.0522928930293605,0.14177606212644767,0.20994835280988222
401,1.8262958739877446,0.5168185271363374,-0.29943617066619715,-0.08213818955866821
402,-0.7623621365794173,-0.4860175402567274,-1.3974783807649678,-1.7762732445850937
403,0.6170763887260879,-0.8206255611391281,-0.9313334921706814,-1.6487932253770496
404,-0.02019156101261601,-2.1720620232510783,0.5115619388900183,0.1973809314419954
405,-0.1792437462205077,-0.25998301650053496,2.232342861282036,-0.21399654604868815
406,0.3711918210863146,-0.5983652883929664,-1.7204903683396893,0.24485359075700955
407,-0.530302716650014,-0.3575672371056307,0.4429237163512943,1.0840876086780986
408,0.010497622777737012,1.2501808886402703,0.359209512129501,0.6651878800388134
409,1.448915373706181,1.2682733360283112,-0.29775087415805856,-0.6284217878617524
410,-0.9779431579580065,-0.26027741044399155,0.006458998965682529,0.8801749338817055
411,-0.706928200356746,0.9989161452640212,0.02828359021273747,1.559427026647343
412,-1.6656503822639832,-0.6283999942060221,-1.886486665578089,-0.08782494787601981
413,-1.6357735864771368,0.006215777681682289,0.1161898866074768,0.3153859643209836
414,-1.0237337717876482,-0.5506853408148551,1.7024776559201786,-1.1438557611737603
415,-0.6196432410769946,0.29610918135997205,-1.1657841891666223,0.0020329019598453874
416,0.4981112755955374,-0.23590588195676476,0.8310845397138747,-0.8975857032735627
417,1.1642617383742702,-1.2080799411904781,-1.5272096666093924,1.0916988580288374
418,-0.9898031302719174,1.710218125383659,1.2121246270844577,-0.49590473490604353
419,-0.8758247073621183,-2.2740593348913176,1.7687103772777066,-0.1661122820122727
420,-0.10217483396152072,0.22382842599187983,0.32829815503977333,0.024532733107301544
421,-0.10950539375446659,-0.07928237459428826,0.06396635742985851,1.0826691324442905
422,0.6473198419339827,1.09072460439799,-1.5581662104878287,-0.21162290266551748
423,0.497559398185749,-0.11383772169551111,0.672480862836787,-0.37323939749200286
424,-1.3950264887199497,-1.3579115752615323,1.0058629712032616,0.5228389371019376
425,0.7034079547526425,-0.011114722750964881,-1.6466972173220127,-1.1368598551455809
426,-0.40451332192716927,-1.0543736356133706,1.81374663011916,-0.6178231172649079
427,2.6768995631937162,0.5472523517978977,1.0853845269056268,0.28140620196402466
428,-0.657905796001686,-0.97809956958208,1.546513290476386,-1.7294111101803515
429,0.8588041397767001,0.519731251544005,-0.07142027992164275,0.14441017247977878
430,-1.7936617965510455,-0.20353442881409878,1.103122031259313,-0.8393839992986557
431,1.2309224269729235,-1.249294407148554,-0.6296914251765543,-1.505843125163845
432,-0.5598802062156653,1.0005221344767177,-0.40758756632523546,-1.4289544019289935
433,-1.8636791444651806,1.236714193843771,-0.8446508157469029,-0.5418873588089826
434,-1.2620766069025686,1.5680162239670874,1.521331759893564,-0.6069545054618437
435,-0.8871999269497661,-1.1324429567480643,-0.004183480460974512,0.1546052872429826
436,0.5819797987361554,-0.5467526149549797,-0.43992557903598495,-0.29199385440978765
437,-0.14556448606097253,0.8303911748360921,0.10239948570949883,-1.0439815316167442
438,-0.9424307601403771,-0.34668822156810336,1.444873297456625,1.972743553909509
439,1.3269248747080946,-1.6924617133223179,-0.9087107896510251,-0.21648690740615767
440,0.2955652765401937,0.45572661289921107,0.3030975905626738,-0.27970507194738825
441,1.1095622682033504,1.7434695141182115,0.6735641624690268,-1.284532478019131
442,0.8927617103611891,-0.32780831298866464,-0.3778573702825741,-1.5956672715378435
443,0.8621903341389776,0.764001603559817,1.01050485066538,-1.1074887850590798
444,-1.3945939756329997,0.1598664169327758,-0.4552928854862303,-0.9229010439329149
445,-0.4508575852726794,0.45117645551833924,0.5450994800752036,-0.49265246882892094
446,-0.03460554314384674,-0.4239182125371653,0.11736726068346524,-0.4144490938929879
447,1.020846566479748,0.4072650529466105,0.24125097431537484,-1.379487935732379
448,-0.016706986795829385,0.6716910730605979,-0.569871804077212,0.6190465240834311
449,0.13867631474464617,-1.0935944783690534,0.22201189218284492,0.09735817414706585
450,-0.3552635494819668,-0.9672462992607501,1.038907797571453,1.3276124108850915
451,-0.8148128671103587,-0.3960032617150944,0.24082830562668264,-1.431569385480585
452,-1.8391486016139202,-1.1365749951758002,0.6359342983531177,-3.0411069671209106
453,1.122254282359429,-1.20581897170257,0.10924285334920134,-0.41554121928028076
454,-0.2716710138320122,-0.8867584467439992,-0.6331455294763839,-1.2691172619188256
455,-1.2000139755527717,-1.5053299516441498,-0.13823540137172455,-1.6202880860987559
456,-0.27879953615705394,0.001118410867200968,0.40225097673166477,-0.038976276094193414
457,-2.118922809195102,-0.5317506065098735,0.7777706173442418,0.6345768275052952
458,-1.26796798890567,-0.029700835702965438,1.1407332857957073,-0.0927615575065637
459,0.619693516670898,1.9774540072444518,0.9851283816761328,-0.9762407293301354
460,-0.33491412812836263,-0.21909986356637062,0.03588152826971981,-1.818465506852106
461,-0.17309502370021077,-0.5856862894401418,1.2087769496756877,-0.66553585444172
462,1.3698304824769911,-0.11619380783404881,-0.6636733741915521,-0.20650120110795123
463,-0.7493456725652692,0.876481685495101,-2.787832652452088,-0.22938521920118926
464,1.8196434936520234,1.5487904015241252,-0.9857177793529014,-2.6318884196582273
465,-1.9664524924304563,-1.7389849370154258,0.34515795638234203,-0.27330563108565203
466,1.955938069987245,0.05664003540956003,-0.23755502361638975,0.5387190891494139
467,0.4565903251063774,0.8026174097656155,0.4033248621191006,-0.6390897082943057
468,-0.24589427606377467,-0.8948672578723108,-1.5825263030646433,1.2391580178582973
469,0.8764696176683335,1.141905702753573,-1.3466689320141974,-0.11724673406147132
470,-0.15587508891132426,0.6879778111090398,-0.7678509833742275,0.16622076348437928
471,-0.6108229515085254,2.627766787383335,-0.9221194934452032,-0.3597845203420505
472,-1.0211929698930142,0.3633046799828135,0.1265141993090397,0.8385489658549922
473,-0.20301604268556547,0.9361000863341573,0.9637592625320329,0.6377996475426031
474,0.967310804780516,-0.4426726265988543,0.5463909099753105,1.1617154937374254
475,1.0049817704011397,-0.07356526393688155,0.26912514442067903,-0.11888211672630035
476,-0.3816686124908532,-0.7630505361826502,0.6336941767727878,-0.372024472374073
477,-0.08309424314605132,-1.036325713162592,-2.1478713818761213,0.6753896223047802
478,-0.8948279531286338,-1.7611380448978544,0.43670793281282855,0.6482442209327217
479,-1.3614415571564138,0.22196201740194815,1.8803691292802698,-0.558969104780551
480,-1.1775985957745452,0.19700450387720764,-0.016121723724093023,0.8125840170345932
481,-0.6854927361332319,-0.07339498908992183,1.139807155576693,-1.8563544660413744
482,-1.7930396164470699,1.1508814533749814,0.2435353718293672,1.09592934698161
483,-0.41757463082522805,-0.6608366749330361,0.4959739626746199,-0.5469659577397923
484,0.3055644006094675,-1.203590394337018,1.2932362328174938,-0.16694580346418153
485,-0.6017883249758772,-1.3284752273360432,-0.8146102757387358,-1.6975656267850567
486,-0.3650044965595063,0.5957806435065168,0.20397082220469698,1.3242086424841728
487,0.6045852238179928,-0.14926625186198994,0.7806066680862985,-0.3312579937234016
488,0.05844813406078991,-0.6047809497793958,-0.44728965803498727,0.4663551659051652
489,0.7527957838735442,1.8737682161462201,2.266314340477845,-0.7163716314336263
490,0.5461689033639224,-0.3298771310560176,-1.6491844743465482,1.9137573911388752
491,0.6857013830337393,1.329979950264086,0.7556013307418492,-0.26700881684185696
492,-0.9439887939884355,-0.9648341999645095,-1.1736418960580106,-0.3068914731915627
493,0.09412181324246348,-0.5924127595074228,-0.4375926325614573,-0.7765428673581222
494,-0.6049902573325144,-0.5343006015255649,0.32674833477061394,-0.14268182507680593
495,-1.3039298431092714,-0.08049032061140902,0.7749393608540839,-0.31996267407128715
496,-1.0169071467665507,-2.0276373548044333,2.9846664665834233,-1.3291589198766447
497,0.2687632771729239,-1.092794992091362,1.0418596110029676,0.8378745072558303
498,0.2654570126597502,-0.9585185433909071,0.5575731543982158,1.3264191415358917
499,2.1878939557959423,-0.5870427650475409,-0.2127715195089155,-0.14978730049383743
500,1.3995259837229765,0.3219629309207879,0.219472997640386,0.47660160917849453
501,0.49484575185062857,0.011672802684781856,2.4440363425619465,-0.5169047657527346
502,-1.4621610776103922,-0.30678097213358224,1.8481587292310813,0.25067298389014764
503,0.7127350479512791,-0.35401265675107696,-1.0539456222904902,-2.1738618823405864
504,0.45325102937054446,0.2593277252290645,1.4277405025158127,0.9592735064939499
505,0.5707991561204642,-0.5119254787335222,-0.6479106951570086,-1.1692303175407164
506,-0.6341170744512018,-0.7716279988945567,-0.15950760330285513,-1.2581808028785262
507,-0.009618015483963883,1.7206363786264665,0.018521031859494958,0.9026878084581806
508,1.2209305714302556,-1.6769113126956163,-0.442551876372196,0.22441472645364013
509,-0.42170440825879835,0.06093524205574434,0.9510512731729,-1.3784790380825012
510,-0.0011727195739674975,-0.800032965406051,-0.3738611909575856,-0.05145714660934657
511,-0.8708628209678527,-1.1535165449543232,-0.9540135425053892,-0.5555729540060258
512,-1.535378922423291,2.1391506025049174,1.7062567032241762,-1.0034043808760076
513,-0.029816459428978277,0.7058155090935592,-0.0096943695241437,-0.8083406686425169
514,-1.1525916211533112,-1.1430795447056874,-0.2858605065507233,1.7736889065747692
515,0.006191262124460697,-0.08261947606281518,1.1302846928159824,0.21700880495092065
516,-0.8639804028591735,1.5377880755819002,0.1358165841484391,-0.9429009714559584
517,-0.34178953355201874,0.9090125989620176,0.4726764187064434,-1.2635346134370633
518,1.1204208516281373,-1.4809848572544768,0.7817284400708406,1.938588051011113
519,-0.934940537021717,-0.047625314099039036,0.3621068680367924,0.3287303572708334
520,-2.396635184172748,0.1355825149627446,0.4397325399772022,0.659688800513723
521,-1.2487292582489757,-2.6393716219183734,0.5954025238946158,0.6021315533615846
522,-0.303229943798069,1.5528439233958844,-0.2940927589831635,0.11052233798272573
523,1.3903252455093478,-1.8003257805057467,0.02084768561413287,0.13101444480391392
524,-0.20738494935431764,1.1444097022936508,0.7729384226802747,0.4352316115282232
525,0.8989554128511802,-0.39818460858796206,-0.30199103566519864,-1.6401303420904514
526,-0.9984447209164192,0.19627794255261916,-0.8185999240016508,0.30445146769312514
527,-0.027137743574711295,1.790559417862264,-0.41389340796702356,-0.04149210379684131
528,-0.30533939165298557,1.1156326623847812,-0.8263267659852274,0.05333703686455036
529,-0.49737667030219224,-1.6141749587656196,-1.3505474041627554,-0.1703046255728599
530,0.7420992957031293,0.4131277677939254,1.0075732388420935,0.6605734352684378
531,-0.9926582052103473,0.35625489280889805,-2.154226877116504,0.8843060342574061
532,-2.4188037798311606,-0.0567329801801536,-1.072582986521535,-1.2751274974384041
533,0.43376290754907326,-1.0187674804754991,-1.526434562645026,0.8855639746324206
534,-0.37736608864194005,1.2906499678807088,0.5700668695815323,-0.8714943330993122
535,-0.8816396447780142,-2.5636646308414224,0.9442470068533348,1.5053020770128258
536,0.4313615047296194,0.01590509202611771,0.01662831042040604,0.9574967102207269
537,0.3997237624322813,1.1267887219058135,0.5738577743133247,-0.041540067568373876
538,0.6010959929091202,0.3965718892352528,0.3235697089937468,0.08394063774401671
539,-1.1611118473412696,-0.6361020979637287,0.7515687036890253,1.363079517331405
540,-2.0756699486248356,0.23077320195124207,-0.24257873364974322,0.29607263616111246
541,-1.0155752650477154,-0.7886356608781125,-1.0504782649701367,-0.7799962437117482
542,0.3777069813838775,0.9714003662664713,-0.23602141575581473,0.892944017176974
543,-1.3696166997659027,-0.3098624096389343,-0.6113322318742975,-0.10379449352361271
544,0.7491606151534403,-0.08260361083390157,-0.12622100448832327,0.3897647028479175
545,0.6721859211740997,0.01367499475400295,0.43137266977017,0.10831653923428623
546,-0.8631696730581201,0.8235278144545892,-0.0752078121259355,0.23361309652255702
547,-0.6085228699690628,-1.4743878109725612,-0.10085518277262713,1.3601099583926017
548,-0.3656749657299239,-0.7803146370147385,0.14514938022523663,-0.38620961813175464
549,0.38228173682106714,-0.5418845859433894,-1.3295769355624996,0.58285748538736
550,0.7309232952166871,1.6603452587309653,0.7990004513301504,0.7295905557987609
551,1.1376774819914832,0.9540839168018546,-0.16192721322868495,0.9832506527906526
552,-0.5275000612969547,-0.3576177121145945,0.4004705497425144,-0.8176561737199034
553,-0.012206864089710707,-2.113566149142228,-0.2113318603836231,-0.7228315379903785
554,-1.1018487591051154,-0.09883052700932804,-1.5874750754930633,0.42181539886926983
555,-0.7026972163035187,-0.8070100328911524,0.2220149401784927,-0.3714689442596912
556,0.9677409893544812,0.6036465537792671,0.5978655471960008,1.0624872626006285
557,0.8880523830733951,0.5512845293058566,1.8971670241119765,-0.06769305195043836
558,0.12087726932051025,-0.8425112252269353,1.781323223952971,1.8227772147555577
559,1.0983984861280176,0.2718534416313877,-0.5213810083596837,-0.48009337164992955
560,-0.8575650099981788,-1.3735582966320983,-2.0605847144225233,-1.1180597767401605
561,-1.0805174338311812,0.8100582800057669,0.16361334735794963,-0.2854526561732768
562,1.175840637040674,0.821832892561144,0.8601339074689466,-0.6521941878794707
563,-1.7565867710207757,1.2476172103441092,0.20138431306520352,0.17222496653267585
564,-1.4034495609557491,0.32395279421757933,1.1642164415872454,0.22345040739641278
565,0.03851518808580193,0.6466831522724986,0.11102463034179628,1.0251916671614703
566,0.40376940348096685,0.005948910718969019,0.8195665568935827,0.5777844726080545
567,-0.21861215548626992,0.6872051570940522,-1.4822853878789892,0.9297003239084443
568,1.6326222160276385,-0.7499748781417845,0.9015874191555785,1.7166886109184845
569,-1.4089044761359266,0.43589533483282206,-0.34274947743809403,0.9432798454331178
570,0.08743337985213662,-0.19868816003016837,-0.5904779574844526,1.2734415585387444
571,0.44543246810385917,-0.7840663243990701,-0.6121483702007074,-0.9431331534691053
572,-2.7123842785735826,0.7263219624058441,1.727847422359736,-0.21951327132130846
573,0.8082703439380683,1.2149857704215603,0.23535717587602153,0.6398170055604457
574,-0.5203152283420895,-0.9774312620255778,-0.3931559439431293,-0.20407570620171855
575,0.5488641863760781,-1.2833236007902258,0.5922362668207937,-1.7048803597463864
576,0.45907811634520745,0.31541320489117486,-2.254794662225466,0.6366451257859668
577,0.4680900702222565,0.4176789937616246,0.07061935620939204,-0.6524960821397212
578,0.8645974822812417,-1.009105633744461,0.350579682084856,-0.22145980771398055
579,-0.9817876908471537,1.8424927262598505,-0.847539486576321,-1.3240365561773084
580,1.1342266798151208,0.2478069763505483,-2.257762563158546,-0.014209107848171396
581,-0.45303299961734506,-1.5311058542910325,-0.41906769831689816,-0.149188877254362
582,-0.1753612564519782,0.26218020823216054,0.842456802608442,0.6184873878085551
583,0.30688315781949116,0.7411849888816805,0.6863358156536702,0.2620069294733907
584,-0.9287515122487638,-0.6172521092368889,0.11626417920314255,-0.43354146410644945
585,-1.428615993570744,-0.27406543439753833,0.3123894258227635,-1.687700864838206
586,-1.3391903552407496,-0.3453402465580087,-0.27240670242592074,-1.1332975568971397
587,0.29274248479449144,-0.5286844614422221,-0.6954474634206728,0.9210460808575895
588,1.181531485562509,-0.46921602688567854,0.2206883899234003,-0.2026031907671029
589,-1.8071149753272875,-0.8114379191751491,1.3791687673191948,-0.04626286008474687
590,0.4435023528426237,0.09516859598209837,1.0761327683878559,0.20244366926801274
591,0.6640577552543099,-1.487260764655309,-0.15828469912481047,-0.33955147260568413
592,0.7333682931350757,-0.28760927555823446,0.3222046687339635,-0.8397251232822533
593,2.0313565859693132,-1.7572741794948805,0.13644726858494433,1.7447907042730044
594,-0.6027889039822423,-0.6105638211029415,0.5423074502770516,-0.8091204109869735
595,-0.08857415430875433,-0.3049352401467572,2.2711764431796206,-1.007578464848059
596,0.9225551189530723,0.976288264447336,-0.18587678485830328,-1.3594374693720663
597,-1.9550658851528275,1.4291277567177965,-1.3698003652780322,0.15349132072478142
598,0.22091264863481877,-0.651108911131765,0.3890646997883459,-0.7870033243695452
599,0.75779812598406,0.3731528940751914,-1.434811338552748,-0.28070496164396225
600,1.4960505144203424,-0.16829879709213816,-1.4364819990539488,-0.491608167775401
601,-0.1227772730317077,0.5324516892476622,0.45356116667793456,-0.4136869700772504
602,-0.07089533841236711,-0.8772611552519647,-0.535077412134469,0.05247424335598932
603,0.8176610508007625,0.658877694983767,2.45772396816936,-0.3323861784138035
604,0.01348866027562007,-1.7802762851885265,-0.5429801541342343,0.7889799227930322
605,-0.988175878375144,-1.8831150867188609,0.31820927385605824,-0.3199367278017489
606,0.8091910129507898,-0.5781561489898095,2.467236859094858,0.08317166040583764
607,-1.5516484154055692,-1.2755146018252224,-1.4946938972592452,0.7758385514410266
608,-0.06870798539668206,0.7948836500863813,1.0560777099210241,-1.5135729860753588
609,0.7977602030985412,1.1113787987149983,0.34993837589850824,-1.2601465055310614
610,-0.5532748087802984,0.4419049601716334,0.17520754168296893,-1.594005050458348
611,0.5002896355569345,-0.23485074626428634,-0.4269317720029853,0.41922553973614646
612,0.46337774807531285,-2.071489194706239,0.12973419035244832,-0.5310584086296442
613,0.9461660678580681,-0.15365135345471514,-1.5954435283759727,0.8507761142478666
614,-0.6423629264575997,-1.2965027981854953,-0.6133897967909469,-0.3941363364576509
615,0.28774027002778063,-0.4478601374545829,-2.7271901667590552,0.8400143502085455
616,-0.2580268488597013,0.12431081443382465,-0.6983745943095443,1.0378090250924534
617,-1.2228609202564866,-0.7871860306057309,0.9355016948445456,0.6895486863969946
618,-0.8310516605345705,0.3548012442100067,0.5108952165460446,2.788823802111611
619,1.6253870970467819,-0.18863184953154194,0.1086778461852126,0.9477382307585096
620,1.46006272805494,-0.36767911219644484,-0.9774285599324849,-0.6624161097629785
621,0.7208666223291617,0.8715552860109615,-0.48886847227710006,-0.015633119266841907
622,-1.1113176302550682,0.11222417847055169,-1.3769416653677633,0.5357262507053325
623,-0.12273092066841322,1.0491148202603493,0.7673456607721052,1.7111694745234307
624,1.193133310840314,0.26248031593392857,1.2449390923827486,0.4514442841032934
625,1.0419406240269953,0.3135663374971421,1.2114930645251847,-0.3761252705381645
626,-1.319415292152419,-0.40771662924526586,0.7179136894640658,-0.09346793883819675
627,-2.313641804539541,-0.8567423299257325,-1.2994193022977534,0.5680108704262673
628,0.19348972918416843,2.5766884245237667,-0.49409836424142184,-0.01008859451124854
629,1.7663618308953013,-1.8306277618085196,-1.6906996449225655,0.40972321214457325
630,-0.06171333605919822,2.0060967459943204,-0.8780860992490621,-0.7543154820881396
631,-0.33145167616082893,-1.2440013543816983,0.6353777958379786,-1.413828482709723
632,-0.3716563364955553,1.5653690449938293,0.2604755168787923,0.052747776012660466
633,-0.3090733200931379,-1.6487557290700128,-1.3581906456521284,0.06345699092341385
634,0.4043582798802582,-0.8737843306657478,1.7671942850155993,-0.9378421794228554
635,-0.5039318259307062,-2.4323885837505363,0.7943606309554844,1.3514071418075866
636,1.830939272394355,-1.0508826106743598,0.23907044969791758,-0.565007477672964
637,0.3324389384670819,1.0518716608578962,-0.18544703490543807,-1.1830525472863114
638,-0.9224849769869332,0.6446205359959702,0.38607751287712955,0.36830745514689567
639,0.6984280318532483,1.727825973042266,0.6396008549611912,0.24544440135665505
640,-1.1374326641886203,0.7678144796242717,-0.743110438993949,-1.8626773234822596
641,0.46183093697678984,-0.3175122181663193,0.019699477991379815,0.8656256476325183
642,2.513249434269508,-1.0870969185353259,0.7591212351974244,3.5527054257105073
643,0.276098319723153,-0.10713591674015414,0.021483670428481743,1.0059116749916406
644,-0.39660526251367867,-0.713949775603659,-1.1144030380980647,0.3403430937933729
645,0.571233765491765,-0.7477693769795969,-0.43338513005976637,-1.5116139947723892
646,0.7674478406293053,-0.0175910100013108,-1.5208476689591521,0.3225798936659721
647,1.5072147922828267,1.1049273117262448,-0.3282246121788355,0.2613817842618213
648,-0.17760812691935507,0.7026536667046673,0.3832594689029983,0.09896387239727635
649,0.8105186428630305,-1.148428154833042,0.1439976019470769,-0.11406200196927517
650,0.7455210228103522,-0.21013892587968128,0.42623535943434454,1.5334094021941005
651,0.1961627804098111,-0.21850143354732798,0.11854035512735937,-2.423770686717912
652,-1.3586628663461162,0.4409123404238888,-1.8760934903754853,1.3473133114777196
653,1.4672312849458458,1.0116379077568542,0.37326861395479294,0.578244174394796
654,0.5427501867151416,1.4374421587569777,-0.17849380327134862,1.0552215234651625
655,-0.7296505884544288,0.010321896545139424,-0.2781251810502968,1.1193309492077854
656,0.2928353210544698,1.1828256634645855,1.033756355206085,0.9617126383878148
657,0.207551716600757,-0.886656084318704,1.5327060334669476,0.8567516007628854
658,0.02999251102068113,-0.8109285332862953,-0.5491150089064556,-0.04848315048212972
659,1.3708928255240953,-0.836412767872879,0.0755246986910329,0.5807093042446599
660,0.4606586308607658,-0.8792870126437485,0.5455519813078423,-0.4045531997044285
661,-0.7251809815797685,1.2922503051080996,0.7334444664356926,0.38792495947036304
662,-0.17082647209444132,-0.1984243565923131,0.46144569067933383,-0.12477108113354919
663,-2.0704275807408123,-0.7149907704496908,0.008085569883808876,-0.4261020716183392
664,-1.6923279361512151,-0.1557806399583849,1.0206582379323859,-1.7269025111908436
665,0.3426764428008706,1.7031153804002035,1.2927825963201658,-1.138374589301597
666,1.0760665178244537,-0.5604536031350125,-1.414624518000824,-0.20368029810148794
667,-0.4146697332706964,-0.4846582619248245,-1.1309400401845104,0.6175257116263181
668,-0.7412688040803364,-0.3428269478341612,0.8185050967768043,0.4547568103499383
669,1.4162568236551225,-1.377524401938355,0.3923388287682628,1.6149251916165124
670,0.7163925548033909,1.0853822987944266,0.411899251929546,-1.4119074260475155
671,-0.29097429478605485,0.08521188118005225,-1.5934262727788222,-0.37520021929500297
672,0.25553400700352896,-1.0138823079690757,1.3781880522973815,1.16341168990201
673,-0.010066385644427562,0.06260634748551173,0.5431129157362031,0.2601736253486626
674,-1.2560682032892603,-0.559102875461864,0.9571051837240694,-1.6796632404921097
675,-0.0813465087982161,-2.4883630390485156,0.07195907899124487,0.30723135635266174
676,-1.1783818972412223,-0.18609134076878456,0.9727715005488903,1.5207945038743438
677,-0.45536973865680413,-0.3048705923259885,-1.833523842635406,0.9404649795038403
678,0.8470547613517238,-1.6626496516285494,1.3374398037667918,0.8161985043429557
679,0.803404642113266,0.2967616306988539,-0.8272716421259093,3.3403278010188333
680,1.4344049587019025,-0.7464183906931904,0.3278247769409722,0.21635210758492765
681,-0.018843904619037632,-0.997452562517209,-0.7631578088857109,1.3704419757939832
682,0.10048086293140279,0.46220791998736727,-0.4939664830253255,0.31982972463285203
683,0.035828393758411015,0.33021849399273506,1.7921014331837517,2.1235644365035293
684,0.34990072731528543,1.8844394562295115,-2.617310314048049,0.9105950804406877
685,0.398116025486561,-0.6445456803085196,-0.7654969293398746,-0.4197588203025325
686,-1.1606352638004613,-0.13508105710478913,-0.23287451502943146,-0.802422334884849
687,-0.31190239846224777,-0.6147726743870039,-1.0526777069158726,0.08488533642415773
688,0.21715853032092108,0.1322667145594489,0.42608738767475385,1.6667795204104845
689,-0.481136490387818,0.8722809192713874,0.7986705471040229,-1.4978027576878525
690,-0.45392893254465555,0.011564515476040283,-1.440327407092325,-0.4959751552282349
691,-1.1958136756824278,0.5962639225633395,0.5287976214525264,-0.582186783031917
692,-0.08284030894853395,0.1431678191938495,-1.2352934991272002,0.9031939019057517
693,-0.224797949791101,0.1632832001406244,0.884026745255234,0.30187840635169305
694,0.8558638203818338,-1.0814107761404004,-0.40187116778959475,2.053598352861456
695,0.308640598926767,1.200806296903671,0.06915177421809375,-0.905125108576431
696,1.2343380880097092,0.6453482642986859,1.2657589937089455,0.2577689980056824
697,0.41748249113765584,-0.16037091063706926,0.7903567238763902,-0.07586155064255067
698,-0.15364163656157503,0.019165943460868643,-0.2863805337916237,-0.7587361995582209
699,0.36200848389420204,-0.11165740412978066,-0.8828870111946877,0.7071910161533722
700,-1.5219513560236992,-0.662329221853071,-0.13357751528086215,-0.36531831883479676
701,0.8696830410163133,-0.5746182138258955,0.32036432651062563,0.1197947870609801
702,0.33724865935101705,-0.8820492852587893,0.16874539391100235,-0.3477701586699016
703,-2.2025333521617507,1.361149885227954,1.1601777588927997,-0.3280567898013433
704,-0.04727760391532707,1.1810473662123073,-0.4231280961081859,2.069372965228321
705,-0.29923070703757265,-2.014687882495981,1.3842807260257264,-0.6413169910425186
706,0.17879341709595803,-0.13999941792037005,2.06267277290672,-0.40611252867103786
707,1.766631227269807,0.7499089269270045,-0.5150843709346598,2.461768159352261
708,-0.619439942628312,0.45392769883740175,-0.2192003129637974,-0.6175613495032806
709,-0.3504894827093907,1.7411223933351554,0.6206415017327489,-0.5013547179864335
710,-1.1578560591275866,0.22841533152123508,1.0062961713637424,-0.2347918688211603
711,-0.4148355115222946,1.0521028482799222,0.14232363749115037,1.8238554991847369
712,1.1088374216091725,1.0227251651212372,1.0363231413316538,0.48736379191771645
713,0.571196163409161,1.1916753366279165,0.6995042979490066,-0.10786986048764761
714,0.49663031445914857,-1.0596369791938105,-1.1965367927879238,-1.951106884172234
715,-1.489262977851439,0.30366859402688695,0.5184182928431827,-0.27905319478119417
716,-0.9829891343952846,-1.169439881109171,-0.4359820052759362,-0.9359109875716405
717,0.705057460007506,0.5493974712587711,-0.12025211474243327,-0.9257480811295127
718,0.9293815013040769,-0.08884551770318895,0.1281866825398891,0.21185952821006118
719,-0.11866573663332536,-1.558885871080155,-0.018185664899036717,-0.5795043894141072
720,0.10367772408571099,-0.7195400271900125,0.6315029221822562,-1.4438040723029726
721,1.557637213744248,-0.585139202266235,-0.18115329291286442,-0.5828607243321687
722,-0.004171043453711948,1.9544982171669092,-1.3405397387117903,0.12530758043883866
723,1.0819339229210112,-0.23485128632715785,-0.3231556934781413,0.6047519396434313
724,-0.336863990895803,0.34725137475578166,-1.7100439981877171,-0.3737318355171419
725,0.42360882237674924,-0.16527799855535166,0.6449200300371756,-0.06821853051365658
726,0.4032790906638468,0.3066096591540505,0.1513928777438057,0.07880389406254715
727,0.05467561400431548,0.30668294518271755,1.2274473079487962,-0.7231677720943278
728,0.43179602297985864,-0.7557806527322497,-0.6666215561993654,0.7996264027808315
729,0.3319149433983696,-0.35254127351720127,1.3684394545462095,-2.434885118910003
730,-1.6724059088292198,-0.22647615454857034,1.7257809956567036,-0.13632553744887033
731,0.517196193547937,-0.7047666173862264,-0.7797899558349238,1.3978069637871453
732,-2.0848066685824085,0.8916062846760432,0.6643532498808853,0.008909717930516203
733,-0.8943603286075359,-0.6794005090884696,-0.5516221556354166,0.2441227447767648
734,0.3749221603322935,-0.24600483203685086,-2.159064475578881,0.15669508446172611
735,-0.06618513176744413,-0.9384195968294631,-1.9414980368950647,-1.2779887542156785
736,-0.29398172372793674,0.630165218395462,0.9287361078193107,-0.27507970206796445
737,0.8587020938797589,-1.0760674826668326,-2.1976572353430814,-0.13440158843534378
738,-0.9399713297919335,-0.7269538092313609,-0.3113678010204557,1.8004214468772042
739,-0.007096466420486739,0.9457459284970392,-1.3377380755995842,-0.2867801519296137
740,0.5091992784761359,0.7041303678820269,2.1599632005788822,0.2612895678829224
741,-0.2463831826952131,2.6466258275977808,0.9980697862168912,-0.3067495202975537
742,1.3048603725455208,0.44742143421905173,0.5372433295287303,-1.558310792046638
743,0.3867874778980641,0.26278829115358193,-1.3954154388068414,-0.22841990404115486
744,-2.092018529550261,-0.8142975340086167,0.13028001461533362,0.15023120822880787
745,1.5762578457756162,1.2307759662891806,1.4794423474652454,0.4535034151942187
746,-0.31577768183904253,0.2538381502906531,1.5019598104787422,0.530161599626563
747,-0.35521084354531174,-0.17637777997928974,-0.849242046252934,-1.0976861738070374
748,0.9301321993605928,-0.013306183471193682,-0.3949188034098358,-0.23664494500980157
749,0.8610888902009595,-0.3144549176353881,0.6970116864813252,-2.421735549552898
750,1.1814639788052268,-0.477184266379439,0.5608326021579587,-0.42149524442723896
751,-0.8087771461446482,0.30364934089050255,0.293238556369971,1.833856488659374
752,0.5279172728995914,-0.8424017603221404,-1.2124686805597058,-0.7049827242518272
753,-1.0342892906495798,0.03526085988195498,0.1236452857216935,-0.8654775591006187
754,0.3301954699044823,0.3000266963891816,-0.30181710554038693,0.8519242010899414
755,-1.0052364684377793,1.3217001252651044,1.0073662405987485,-0.9576130050458408
756,1.7914508915608842,0.7667592341578582,-0.13351854497538002,0.7013541354921633
757,0.3000385895775145,-2.008760461709766,-0.9013033121255605,-0.7235872057898972
758,0.7050080396435805,-0.6895886131954133,-1.2655243096516609,-1.0705699720240625
759,-0.8771924896630446,0.23738416069338855,-1.165712736630832,-1.0429342750036967
760,-1.3118824564900249,1.237652786248986,-0.588253441617815,0.6039893783899957
761,-0.8588980762646603,-0.7825210459368666,-0.8294364010758355,0.7865332312952767
762,-1.3478453883523713,-0.42154349373296834,-0.9603441035915675,-0.5446021434462842
763,0.4020967485498943,0.7002154534632384,-0.729244953312369,1.1427495549185296
764,1.0441169293923598,1.082345474205779,-1.9225633069458126,-0.214241200952199
765,-0.5255975305992652,2.4480312301459084,-1.2528295359826385,-1.1258518508887925
766,-0.9206812624317295,-1.0590408081097846,0.22070868024887372,-0.8567762736882896
767,0.6141035238157072,-0.8699222158163524,-0.1992352772094196,0.9084067921546903
768,-1.1997503738590514,-1.1562827332101044,-1.1878226795136853,0.08753410059451974
769,-1.5545747448229794,0.6227066964999777,-1.1494515552958624,-1.0109142138585252
770,0.818225051857287,-2.5108760383113182,0.6927104507022716,1.1980181629452586
771,1.0254527379876497,0.9298425123233776,0.7225505872348571,-0.3739070867476835
772,0.4011262018103082,-1.9607079074119669,-1.1170541905815117,0.9659752500176308
773,-0.6880338638303504,-0.5721625479538038,0.48232250740715926,-0.08261660887298662
774,1.1774551485431237,-0.47697000588338045,-0.8473369557616012,-1.4400213483369466
775,1.073059504557873,0.5122733755066168,0.16145281957839927,-0.5418499092949397
776,-0.24723346116206296,-0.7761043205723696,-0.42251658382580864,0.2537578776885244
777,0.4547621703001243,-2.1570396796798645,-0.5901431150289242,-0.7350364671609756
778,0.47926011927346307,0.6364814232536697,-1.4969519343615731,-0.19162060088660818
779,0.49459830528178017,0.43437958230082696,-1.0401974980388882,-0.11778701723234672
780,-0.6649521988574819,1.455406215185386,0.09847311200916964,-0.7808273072798311
781,-0.8737001898593745,0.678095257121612,-0.21198519026206436,1.464303733931382
782,-0.37002138897790404,1.3452122255320915,0.12958338672544892,-1.1602433821713132
783,-0.7280361070108147,0.4614495002056587,-0.6398468601083602,-0.01162103812171386
784,0.6785125525564799,-0.6941671315070174,-0.1423828189671227,-0.6802111429442619
785,0.8828001070559494,-0.9480003728991488,-0.9400022480659534,-0.40559085985391435
786,-1.1809400065027718,2.2990050793833703,0.03092574751481664,0.7665874603701885
787,0.8935280117610176,0.22889024343616854,0.11468799915099921,-0.6901315367610271
788,0.3683993159271551,-1.0608167781127087,-1.3708737655958092,-0.595755391031044
789,1.2864891650768706,-1.2526023280728893,1.4564427004664013,-1.1426814491739925
790,-0.5922779348019188,0.2920383322142766,1.4506531161989291,0.21158470313627906
791,-0.38425152160717113,-0.6454428046565879,0.7135473053559186,0.5317839917578384
792,1.4218611349026617,-0.07224999987302652,-0.03356743665094121,1.1448849103728829
793,-0.6653589003776398,0.5838099643263622,-0.22350755920222476,1.106722693450364
794,-0.8852417921855423,1.0660782787954175,-1.0991488516898973,-0.14985806590329714
795,0.40839033076585163,-0.020657952951580433,-0.48360034934617874,1.0617681168643394
796,-2.0909368258888374,1.5604338196097365,0.20938983332004033,1.1048388788537087
797,-0.6011224072656673,1.7641157528451004,1.2376437686037138,1.1780481198315484
798,0.9917356485256418,0.49345730261554,-0.7046050765564217,1.427089877127336
799,0.07800383325725412,-0.6827421839126228,1.0832744887396608,-0.2644928656761882
800,2.0174185858835143,-0.31554110752544023,-0.8708132832029748,-0.21575991827000257
801,-0.1551487562308721,-1.0879326411807881,-0.7514798919408774,-0.7434610749760808
802,1.083851451453851,0.7377098504292386,-0.3984401431965175,0.20350723938272994
803,0.5610093413007148,0.1441115668003982,-1.6772939591460967,-1.1685327685201663
804,0.4948372954818702,-2.2487054163510765,0.4169902352560024,-1.5331377402918118
805,1.2385559294879898,-0.5183423690818255,-0.09796860678755694,-0.5727755280228499
806,0.26275692509099574,-1.6580817388480662,-1.2857880926268475,-0.009339709429290187
807,0.3295499928010343,-0.20208065681259535,0.9370484675282051,1.619375026967128
808,0.9277478519721595,0.007158283175711787,0.12713233589204131,0.43566377607593765
809,0.5665074493207115,-2.501813858669866,0.6141274147613116,0.5948151375803651
810,1.400621740116247,-0.7050855484646052,1.7397573650047706,-0.22873269905941002
811,2.731509705741481,-1.9414902926182636,-0.7076921519852971,-1.1289028711405005
812,-1.8928677886081529,1.7434834152031755,-1.0318746084809771,-0.10202546901867728
813,-0.8676016741387743,-1.1812821958375943,0.09156468861516483,0.17019790625352071
814,1.0689667645554675,-0.7891584050423615,0.283756268230112,0.641941333310187
815,-1.1518464638428918,-0.0987677485524739,-0.8362170570296604,-1.4748919097141133
816,0.39734893215843936,0.6188719766133741,-0.8928922639331541,0.9146533474458738
817,-0.3650511008569266,-0.8847653425889437,-0.6229801948140389,0.3876448252241749
818,-0.5520679139136728,-0.4733364752163448,-0.8427746136866081,1.0012575842569467
819,-0.3676300299982414,-0.6876626291926368,0.06021851914907242,-0.8388791607104047
820,-1.0835607345164548,0.02204544734801545,-0.6796682781174646,2.442790402186142
821,0.06762101912803094,0.7133081175881105,0.6449724283537481,0.45623661220897754
822,-0.17130526429329201,-0.9161860950174129,1.2283109728881028,0.012456029578495063
823,0.6656895085745116,-1.8090021660842692,-0.04002086691673114,-2.1959754822350956
824,0.4037349391248304,-0.4973614933548488,-0.9446379801856489,-0.8309033647608493
825,-2.2825647422154636,-0.8183856003683626,0.31327255840344725,-0.9214074302884058
826,-0.10192098937443152,0.04149249637304012,-0.26298206483855613,2.2295707118382695
827,1.294392296258501,-0.47191105644415277,-0.9768489417616527,-0.9231799529378744
828,-0.6195152602885037,1.5917190382415243,1.1209626232233367,-0.5377984588357521
829,1.829574305443456,-0.8188591224489428,2.4538130780254677,-0.011857604516306904
830,0.22647015308025012,-1.169162068675481,-1.2873873177069932,-1.8891805086936193
831,-0.061376825985305035,-1.0107242259625018,0.8253133284036467,-1.1768250292334888
832,0.13881017201564858,0.9191182533408191,-0.717744110635984,0.4550398252709127
833,1.8574932807217668,1.4306640367118892,1.0467244106776017,0.636174205442539
834,-0.8544395944092503,1.9268155251516674,0.9356535500815647,-1.9994334440687132
835,-2.271160212724587,1.0424583615806304,-0.7285326423727878,-0.5020106579654737
836,-0.679634013048014,-0.4261989199733461,1.748483464154787,-0.7503036843533455
837,0.6906166890397484,0.15906298913014297,1.2550506067228762,1.0858453714744487
838,-0.46439125680565585,0.538789966998848,0.5286296488514687,-0.16198885215485082
839,0.17483945202803022,-0.14570904896030798,1.8208069298257807,-1.6409025857082429
840,-0.8563883976804568,0.07713382978216417,1.5242172784987815,0.5526482472144257
841,-0.2914864199420918,-1.2322611513343957,-1.0065628902123511,0.0023234856132518583
842,0.1760598215199098,0.9346188410768316,-0.2457671959541677,-0.23717160183152278
843,-0.6058085232864427,0.8828750402947982,0.5422514705718814,-0.5025794247251123
844,1.1877402972124225,-0.9909829525322971,-1.842264808031919,0.5911193766245841
845,-0.3141688966267633,-0.18214898652830902,0.057215810615446505,-0.4037048104096851
846,1.1598870941955048,0.11420025916400013,-2.31885984307593,-1.5132949510564182
847,-0.7568167154706344,-0.03518458211107747,1.3494000420730041,-0.6440476945167988
848,1.854679539702479,-0.6831681863052361,-0.04065322560123776,-0.1483970664325624
849,-0.5940620341501086,1.3648287209087349,-1.714260253545845,-1.122750296044343
850,-0.5783082624476102,-1.6541310307024264,-0.561449208167559,1.2042466950869704
851,0.839647001993644,0.5266257896495369,-1.0314506481170267,-0.2544405654988476
852,-0.8776677107525648,0.23194622629377493,-0.7548622787941587,1.2857921794668503
853,0.6502863764675189,0.6808612353157818,0.4045444504832858,-1.2245303069597235
854,0.11228934938858993,1.2539275917526296,-0.13838844089561492,1.0170645906885156
855,-0.9832359585940909,-0.5546596455074413,-0.5185318512433206,1.0569670736152266
856,-0.7419234523713722,1.136057195052039,-2.4444216663954013,0.5058974224701611
857,-0.5731315732235505,0.6724367735121024,1.971007019077107,-0.2144074049092178
858,-0.38740517433473887,0.03277037873503777,1.012445775531442,1.1253540001531237
859,0.18955431641063009,0.9968922116437935,1.2504631452298232,-1.5650561538638135
860,0.5028612713124174,-0.02088908589785454,0.24791745683249655,-1.5091797008874555
861,-1.3530296578270282,0.13752679725202627,1.4925640350281055,-0.4030322054195032
862,1.1600272437116559,0.8298024704301105,1.8999227516570452,-1.32687439558463
863,0.5226953692404663,-1.1099267563602118,-1.9327452591122247,0.6697021512394237
864,0.7008072303092182,-1.0331718748434608,-0.23701263902803252,-0.4229517438939495
865,-1.5067643663073718,0.0980610845363091,0.6601673431715531,-1.1319469106366782
866,0.25323087741939454,0.12850740743794295,-0.07558768846014297,-0.7259513261611165
867,0.6319379658222236,-0.31522848366410483,-0.17517436210509846,-0.2001750904816462
868,-0.6245168501801533,2.0693083461562147,-1.3825944226311846,-1.389100754537657
869,0.15401685876651353,0.11234230393400747,-0.5957230945595926,-0.3019339220414504
870,-2.5268040937696097,-0.36979083609381946,-1.2081387204476357,-0.19597561137965408
871,-2.283421325810237,-1.5078541100500626,-0.11971058908121938,0.2601348475973554
872,1.379567451149506,-0.40766753897120156,-0.45809830954134084,0.13873130717160287
873,0.4138010870821477,-0.018999538629006288,1.5245905352880982,-0.04390038129463522
874,0.8336628530742524,1.686513683182661,-1.322168517584447,-0.8022944315578191
875,-1.151858416345309,0.4481205827253188,-0.8960322775418784,1.5749506236788373
876,-0.2372262402820093,0.10121117229887462,-0.7433263858000511,-1.2717615750076414
877,0.3942087649949266,-0.9848922212042462,-0.6087027555307096,0.08097867679042466
878,1.2755180085677296,-0.9595568070402439,-0.13108132633908107,0.6852513977802271
879,1.0353330675294077,1.2441319861395612,0.94398419919758,-0.4822018666884046
880,0.07582240829568164,1.0967837909352092,1.0018698899496687,0.7438286218521143
881,0.44711213950378975,1.2832578092312816,-1.8513441244052071,-1.1093868297358322
882,-1.3355347784586362,-0.777362798148622,-0.35871418263694743,-0.5648704847999134
883,0.8991514352593182,-1.1586477448593635,-1.3874821905406536,0.6336506107450399
884,-0.3079843557283207,-0.20061081513818527,-1.0994109151419047,0.41610062255383534
885,-0.8119295246453477,0.7953372419737351,0.383236784716813,0.35364835291494706
886,-1.177743917230082,0.03375660647449783,-1.0264160066708847,-1.0753699750579946
887,-0.7463930338873719,-0.0055323674525574575,-2.1384263396302465,0.3629622886507669
888,0.26029084996278706,-0.2973557024154591,0.48398581355735115,1.0569943620277742
889,1.63277409112171,0.9423082641749602,-0.07666375458174358,0.8053282397785977
890,1.4580186926392933,-0.25141977627402506,-0.9177837996483654,1.3636009928884076
891,-0.23784119632409434,-0.4490810093085545,0.6058115140915714,-1.426559182565819
892,-1.3410821826566846,-1.2435187557277643,-1.0281305903832032,-0.33140962150126535
893,-0.4444315556166653,-0.43055323042298177,1.2357363424999075,-1.2451412547808995
894,0.09637538063921752,0.6153961602265184,-0.8531638401700455,-2.0749616957965658
895,-0.14433049731038045,0.9083957843803455,0.8063548996350066,0.27364267562724914
896,-1.2257532241827518,-0.26943044911079317,0.5102847955327604,-1.4905794773980066
897,0.07217438140700647,-1.11176285423189,0.2922524543864022,-0.3657005470108082
898,-2.125220496565067,-0.44046284742336134,0.333845263112698,-1.967345966054518
899,1.342408116203208,-0.21806518676844194,0.6917439813568882,-0.7744395420149629
900,1.0252291159154028,0.5837333804690322,0.5832991928052588,1.0588459497769052
901,-0.041532657897324986,-0.4010670738358223,-1.8455948566432145,0.44133543637714984
902,-1.0125629763056947,0.5869399847350489,-1.3780338084321822,-0.4274687850184479
903,0.45434333326897824,0.5148105538716506,0.7288961278963974,-0.7579172106535668
904,-0.5414264186469828,-0.2597759547095052,-2.146106102494749,-1.0402088506999607
905,0.5757438152617591,0.8006511909739719,1.0137460540220877,0.6219051607756113
906,0.03637524106451031,-0.7198936378890841,-0.8015878563590324,-1.6555653607916763
907,-0.416840093099822,-1.6261474985408324,0.031674027379627386,0.8748782775738803
908,0.2649202238584298,0.06879554038442284,-0.15127791844882768,0.16372661059968308
909,-1.8209288548028626,0.32996049511801395,-1.9874899116886993,0.7728467763318427
910,0.8111881955054207,0.2331304680158022,-1.0198384207036386,0.43661329400409266
911,-1.368478376369864,-0.23487929100886715,-1.611848422420351,-1.1171526595111132
912,0.5514258021267149,-0.42898128128356916,1.1971066954174339,0.579070148026059
913,-0.7859530626742027,1.1181705142258112,1.4859659948164072,-0.6061304029261126
914,0.08981525145955993,0.8452488098156377,0.8709445045971816,-1.0787060421004036
915,-0.32673339989354905,0.5576264663814074,0.9491543049009918,-0.6881704007306482
916,-0.45685148982529383,-0.33821919411677626,-0.5994112832520437,1.2714457340969192
917,-0.9122656956356159,2.0514030573314037,1.4410746055944523,0.3005780096594538
918,-1.6394937114212167,-0.5038592956230759,-2.1508327320717298,0.0786340978476426
919,0.4540325264175405,-1.484709075374793,-0.3519369411693302,0.23665868814443194
920,0.8350134340795109,-1.3742664835690845,2.0588154290816867,0.06390199018768382
921,-0.1268346563667627,-0.2080548542877984,-2.115751358390946,-0.11816295966538012
922,1.1215447609501021,-0.46865729314692495,-0.8411236135327421,0.1177360721615959
923,-0.011930517319305455,-0.8065132326890715,0.422112157103708,0.5097531566531845
924,-0.3230478695969927,0.22047422832613275,-0.02932651902191894,0.9330234234900534
925,0.96465479390594,0.46589095668137365,-1.1856557472489,-0.2829389663300044
926,-1.2413805747354287,-0.4153866961925954,-0.3664754685966514,0.4639842793640689
927,-0.5405131982230338,0.360851554238948,-0.6439736012537776,-1.82833287526866
928,0.8379820250988569,-1.2540764866100502,0.08991121401219299,0.6342509580308264
929,0.17158832169224378,1.318749189973964,-1.3067854702589705,-1.0344985679800882
930,-0.4178651810986664,1.2486444933446257,0.25911301201681874,-0.7795138917521355
931,0.08013335736681673,-0.4150591102743142,-0.08614392712736474,-1.0932702218100026
932,1.0060041788780052,0.6544055433355778,-0.7387488443487766,-0.7814248655535299
933,0.12289465200901321,0.46791640788457856,0.7722706770184751,-1.6587657865024608
934,0.19650474175884244,0.6955776687794503,-1.982471642958412,2.4476772992627662
935,0.1486143365217037,0.10040722178262564,1.8726938828907056,0.7433871519079525
936,-1.6524174634143642,1.3373440655882316,1.3414634205952756,2.4193992943880827
937,0.8139807366749198,-0.9570376664174826,-0.7931877709226092,-0.33977947163537897
938,0.4961206381944647,-0.514349681484449,0.5539890138178148,-0.36338552929842305
939,0.5542504211964048,-2.3447728084973978,1.0333020980927916,0.19062116638527685
940,0.5508077476325633,-0.15165048035477108,-1.039098869025085,0.49111825534283216
941,-1.6119019032622188,0.16544006928874025,0.2447401181778554,0.647294783971014
942,0.5792916648020068,-2.3530289589535207,-0.5258148370390654,-1.478581701743494
943,0.6806317235730863,-1.0564745957483581,1.043724130431386,0.42273306805267574
944,1.8092797304570916,0.11389933926149491,0.6453159878268272,-0.17464701327072715
945,-1.2135554695859492,-1.893791355451431,1.7505469625300947,1.7421359599208073
946,-0.09633563762434988,0.802190194993671,1.5185155665512426,-1.6425643751001364
947,-0.2445960350637782,-0.6992007821140395,-1.5652413230756006,1.4666304489521118
948,1.2743081185845615,-0.30328398231634235,-0.45595983393914524,0.8397394398896085
949,-0.4217334350239236,-1.013640424444848,-1.7130057178754312,0.5408592285404265
950,-0.08313893955489865,-0.6078332777261312,0.8536092939699353,-1.0414892875814061
951,-0.695011667318032,-0.304302972098757,0.5120759512082902,-0.32050370914103854
952,-0.05990045625479392,1.0226364266213535,-0.6526957287353987,-0.8720921779436782
953,-0.600781300745163,0.8513367503550481,0.7759299419725934,0.8873718346209322
954,-2.765678879588682,1.8578399296269872,0.46655978421383476,1.709200939981574
955,-1.5517993757769377,-0.6984918652977743,0.6016168808654335,-0.6747349123555691
956,0.9990467652834344,0.3466440173175049,1.163304483521009,-0.5013245636624912
957,0.10664147908591941,-1.29318091656158,0.7100403494971173,-1.2622554675616782
958,-0.21182924635016329,-0.4361786709278841,-0.21823774096438245,-0.901498822797158
959,-0.23606637664252805,0.05591676608589716,-0.16496330796185874,-0.39060548128547073
960,0.12879225186436305,-0.21511248233887248,-1.443788205687724,-0.2059804744702663
961,-0.2105785775215929,0.15501943652281053,-0.11874780983724416,0.4253270671497145
962,1.5265003978686382,-1.3162768246408358,-0.9997977065519432,0.384470861069177
963,-0.08174214514697699,0.7291387513306348,1.0277334881687776,-0.48173516173695535
964,1.0642701749469359,0.6565207542801949,-0.45773618012534395,-0.5539712968626037
965,1.7431808150784447,-1.3536215223305346,1.5462530128444625,1.6156908639191208
966,0.3559511316967095,1.3919031336224559,-0.874119327227581,0.3824513619053584
967,1.3144435094735667,-0.11812395099049955,0.0674092910973363,-0.5949085897226652
968,-0.28764108836217134,-0.832459681985999,1.0499019941042884,1.8019701281045855
969,0.6700145925229536,0.12911079578131618,0.13557552014147561,-1.4174388901994601
970,-0.7175857016973046,-0.27641837563090843,-0.7651690035743444,-0.3867368544146402
971,0.5161285678145074,-1.3041193423170412,-0.9962199785078272,-0.7078021266219917
972,-1.5176418368111786,0.22892653304057578,0.16283244051225892,-1.0832262143160958
973,-0.2164897227809264,-0.7531838253515859,-0.1338016619116575,0.3540257798930015
974,0.22834191471329,-0.3756975523404815,-0.7413350618080715,1.182112974905524
975,0.20727079564402712,0.6922475593265006,0.09019493373389953,-1.197834776320492
976,1.7082913237118522,-2.5179879125393123,0.8735651663736825,0.6337852106730896
977,1.0379435973304199,1.2446230631637065,-1.0908172805357843,1.2346855132656784
978,0.9997732354373314,1.083526480719548,-0.41016146062996384,1.205423830868436
979,0.8238253980791351,0.9571338947975305,-0.32443985136547326,-0.18263105260471874
980,-1.5875073121104233,0.18031087371742055,0.9030767885194511,0.7757093358268682
981,-1.2171513113041694,1.0085815026561888,-1.7966547465967615,-0.3271615247960679
982,-1.909117804485551,0.060907656650623386,0.021515798839412615,-0.24263421673885854
983,-0.9244006012472158,-0.9158788322673417,-0.460682692398984,1.1238922257421335
984,1.1058992794247107,0.9634976737771787,-0.13413491190401475,0.8202842347319853
985,0.7026102537659529,-0.4829860802353025,0.5493824809006248,0.03477129718975713
986,-0.7445494213393937,1.075897237920746,0.2552606678430456,0.11478884878575359
987,-0.4760261680262973,0.05840798649731975,-0.6008708187122923,0.06978706151495104
988,0.24595038049173693,-0.603789683747524,0.2769783546151524,0.5114226754561629
989,0.553406868833244,0.46203680079532394,0.25957066620328373,-1.8550106133161743
990,0.2517089810346311,0.24051114088199707,-2.6722791150873015,-0.6681639244518646
991,-0.890311770272849,0.1629828603460104,-0.2675457166298605,2.341844742763025
992,1.566242453715216,0.20551488134455664,0.27493105901153214,-0.4252611746917261
993,-1.3025907729025765,0.13223076917031193,0.017189687879498056,0.20949436491907364
994,-1.2766547535531378,-0.7874654484166443,1.26972760854307,-0.6798021622431637
995,1.8128507508962006,0.6014207685165064,0.8125755479114534,-1.677134983814794
996,1.0041275198075592,0.5506399890289837,-0.4871168875791966,-0.0015882125040024193
997,-0.871536371472798,0.699877117637637,0.09066197805301741,-0.8822161163528861
998,-0.43370567952708866,0.9858202910049865,0.26384015044356984,-0.953434387581649
999,0.320093594632403,0.012284946973095276,-1.3651411363664037,0.28293000390395895
